{"mean": [74.39941385012972, 81.99626765656372, 2017.151417835342, 334.6418821530261, 352.35568524915163, 0.0661631206032438, 0.09614577380380415, 601.4529790472915, 56.77947565126359, 0.6410881450050827, 4.087577567503327, 5.2744536769651695, 1.565892550990993], "var": [1697.698824119967, 2110.0089932561436, 303960.97783124563, 22962.671216537314, 25303.468159552252, 0.061785562075284406, 0.08690176398347187, 4377.513432758103, 309.6325747911836, 0.663202752601872, 1.1934877018730414, 19.95848373729185, 1.1884187909490085]}